DUS,DAB,DUS
DUS,DRA,DUS
DUS,DSA,DUS
DUS,GKR,DUS
DUS,GUD,DUS
DUS,JSF,DUS
DUS,GRA,DUS
DUS,HDA,DUS
DUS,SLA,DUS
DUS,SLB,DUS
DUS,TEB,DUS
DUS,DAB,DRA,DUS
DUS,DAB,DSA,DUS
DUS,DAB,GKR,DUS
DUS,DAB,GUD,DUS
DUS,DAB,JSF,DUS
DUS,DAB,GRA,DUS
DUS,DAB,HDA,DUS
DUS,DAB,SLA,DUS
DUS,DAB,SLB,DUS
DUS,DAB,TEB,DUS
DUS,DRA,DSA,DUS
DUS,DRA,GKR,DUS
DUS,DRA,GUD,DUS
DUS,DRA,JSF,DUS
DUS,DRA,GRA,DUS
DUS,DRA,SLA,DUS
DUS,DRA,SLB,DUS
DUS,DRA,TEB,DUS
DUS,DSA,GKR,DUS
DUS,GUD,DSA,DUS
DUS,DSA,JSF,DUS
DUS,DSA,GRA,DUS
DUS,DSA,HDA,DUS
DUS,DSA,SLA,DUS
DUS,SLB,DSA,DUS
DUS,DSA,TEB,DUS
DUS,GKR,GUD,DUS
DUS,GKR,JSF,DUS
DUS,GKR,GRA,DUS
DUS,GKR,HDA,DUS
DUS,GKR,SLA,DUS
DUS,GKR,SLB,DUS
DUS,GKR,TEB,DUS
DUS,GUD,JSF,DUS
DUS,GUD,GRA,DUS
DUS,GUD,HDA,DUS
DUS,GUD,SLA,DUS
DUS,GUD,SLB,DUS
DUS,GUD,TEB,DUS
DUS,JSF,GRA,DUS
DUS,JSF,HDA,DUS
DUS,SLA,JSF,DUS
DUS,JSF,SLB,DUS
DUS,JSF,TEB,DUS
DUS,GRA,HDA,DUS
DUS,GRA,SLA,DUS
DUS,GRA,SLB,DUS
DUS,GRA,TEB,DUS
DUS,SLA,SLB,DUS
DUS,SLA,TEB,DUS
DUS,SLB,TEB,DUS
DUS,DRA,DSA,DAB,DUS
DUS,DAB,GKR,DRA,DUS
DUS,DRA,GUD,DAB,DUS
DUS,DAB,JSF,DRA,DUS
DUS,GRA,DAB,DRA,DUS
DUS,DRA,SLA,DAB,DUS
DUS,DAB,SLB,DRA,DUS
DUS,DAB,TEB,DRA,DUS
DUS,DAB,GKR,DSA,DUS
DUS,DAB,GUD,DSA,DUS
DUS,DSA,DAB,GRA,DUS
DUS,HDA,DAB,DSA,DUS
DUS,DAB,SLA,DSA,DUS
DUS,DAB,SLB,DSA,DUS
DUS,DSA,TEB,DAB,DUS
DUS,GKR,GUD,DAB,DUS
DUS,DAB,GKR,JSF,DUS
DUS,GKR,DAB,GRA,DUS
DUS,GKR,DAB,HDA,DUS
DUS,DAB,GKR,SLA,DUS
DUS,DAB,GKR,SLB,DUS
DUS,DAB,GKR,TEB,DUS
DUS,DAB,GUD,JSF,DUS
DUS,GRA,DAB,GUD,DUS
DUS,HDA,GUD,DAB,DUS
DUS,DAB,GUD,SLA,DUS
DUS,DAB,GUD,SLB,DUS
DUS,DAB,GUD,TEB,DUS
DUS,JSF,DAB,GRA,DUS
DUS,HDA,DAB,JSF,DUS
DUS,DAB,JSF,SLA,DUS
DUS,DAB,SLB,JSF,DUS
DUS,DAB,TEB,JSF,DUS
DUS,GRA,DAB,HDA,DUS
DUS,GRA,DAB,SLA,DUS
DUS,GRA,DAB,SLB,DUS
DUS,GRA,DAB,TEB,DUS
DUS,DAB,SLB,SLA,DUS
DUS,SLA,TEB,DAB,DUS
DUS,DAB,TEB,SLB,DUS
DUS,DRA,GKR,DSA,DUS
DUS,DRA,GUD,DSA,DUS
DUS,DSA,JSF,DRA,DUS
DUS,DRA,DSA,GRA,DUS
DUS,DRA,SLA,DSA,DUS
DUS,DRA,SLB,DSA,DUS
DUS,DRA,TEB,DSA,DUS
DUS,DRA,GKR,GUD,DUS
DUS,DRA,GKR,JSF,DUS
DUS,DRA,GKR,GRA,DUS
DUS,DRA,SLA,GKR,DUS
DUS,DRA,SLB,GKR,DUS
DUS,DRA,TEB,GKR,DUS
DUS,DRA,GUD,JSF,DUS
DUS,DRA,GUD,GRA,DUS
DUS,DRA,SLA,GUD,DUS
DUS,DRA,SLB,GUD,DUS
DUS,DRA,TEB,GUD,DUS
DUS,DRA,JSF,GRA,DUS
DUS,DRA,SLA,JSF,DUS
DUS,DRA,SLB,JSF,DUS
DUS,DRA,TEB,JSF,DUS
DUS,DRA,SLA,GRA,DUS
DUS,DRA,SLB,GRA,DUS
DUS,DRA,TEB,GRA,DUS
DUS,SLB,SLA,DRA,DUS
DUS,DRA,TEB,SLA,DUS
DUS,DRA,TEB,SLB,DUS
DUS,DSA,GKR,GUD,DUS
DUS,DSA,GKR,JSF,DUS
DUS,DSA,GKR,GRA,DUS
DUS,HDA,GKR,DSA,DUS
DUS,DSA,GKR,SLA,DUS
DUS,DSA,GKR,SLB,DUS
DUS,DSA,GKR,TEB,DUS
DUS,DSA,GUD,JSF,DUS
DUS,DSA,GUD,GRA,DUS
DUS,DSA,GUD,HDA,DUS
DUS,DSA,GUD,SLA,DUS
DUS,DSA,GUD,SLB,DUS
DUS,DSA,GUD,TEB,DUS
DUS,DSA,JSF,GRA,DUS
DUS,DSA,JSF,HDA,DUS
DUS,DSA,JSF,SLA,DUS
DUS,DSA,JSF,SLB,DUS
DUS,DSA,JSF,TEB,DUS
DUS,DSA,GRA,HDA,DUS
DUS,GRA,SLA,DSA,DUS
DUS,DSA,SLB,GRA,DUS
DUS,DSA,TEB,GRA,DUS
DUS,SLA,SLB,DSA,DUS
DUS,DSA,TEB,SLA,DUS
DUS,DSA,SLB,TEB,DUS
DUS,GKR,GUD,JSF,DUS
DUS,GKR,GUD,GRA,DUS
DUS,GKR,GUD,HDA,DUS
DUS,SLA,GKR,GUD,DUS
DUS,SLB,GKR,GUD,DUS
DUS,GUD,GKR,TEB,DUS
DUS,JSF,GKR,GRA,DUS
DUS,JSF,GKR,HDA,DUS
DUS,SLA,GKR,JSF,DUS
DUS,SLB,GKR,JSF,DUS
DUS,JSF,GKR,TEB,DUS
DUS,GKR,GRA,HDA,DUS
DUS,GRA,GKR,SLA,DUS
DUS,GRA,GKR,SLB,DUS
DUS,GRA,GKR,TEB,DUS
DUS,GKR,SLB,SLA,DUS
DUS,GKR,TEB,SLA,DUS
DUS,GKR,TEB,SLB,DUS
DUS,JSF,GUD,GRA,DUS
DUS,JSF,GUD,HDA,DUS
DUS,JSF,GUD,SLA,DUS
DUS,SLB,GUD,JSF,DUS
DUS,JSF,GUD,TEB,DUS
DUS,GRA,GUD,HDA,DUS
DUS,GRA,GUD,SLA,DUS
DUS,SLB,GUD,GRA,DUS
DUS,GRA,GUD,TEB,DUS
DUS,GUD,SLB,SLA,DUS
DUS,GUD,TEB,SLA,DUS
DUS,GUD,TEB,SLB,DUS
DUS,JSF,GRA,HDA,DUS
DUS,GRA,JSF,SLA,DUS
DUS,GRA,JSF,SLB,DUS
DUS,JSF,TEB,GRA,DUS
DUS,JSF,SLB,SLA,DUS
DUS,JSF,TEB,SLA,DUS
DUS,JSF,TEB,SLB,DUS
DUS,GRA,SLB,SLA,DUS
DUS,GRA,TEB,SLA,DUS
DUS,GRA,TEB,SLB,DUS
DUS,SLA,TEB,SLB,DUS
DUS,DRA,DSA,DAB,GRA,DUS
DUS,DAB,DSA,SLA,DRA,DUS
DUS,DRA,SLB,DAB,DSA,DUS
DUS,DRA,TEB,DAB,DSA,DUS
DUS,DRA,GKR,GUD,DAB,DUS
DUS,DRA,GKR,DAB,GRA,DUS
DUS,DRA,SLA,GKR,DAB,DUS
DUS,DAB,GKR,SLB,DRA,DUS
DUS,DAB,GKR,TEB,DRA,DUS
DUS,DRA,GUD,DAB,GRA,DUS
DUS,DAB,GUD,SLA,DRA,DUS
DUS,DRA,SLB,GUD,DAB,DUS
DUS,DAB,GUD,TEB,DRA,DUS
DUS,DRA,SLA,JSF,DAB,DUS
DUS,DRA,SLA,DAB,GRA,DUS
DUS,DRA,SLB,DAB,GRA,DUS
DUS,DRA,TEB,DAB,GRA,DUS
DUS,DAB,SLB,SLA,DRA,DUS
DUS,DRA,SLA,TEB,DAB,DUS
DUS,DAB,SLB,TEB,DRA,DUS
DUS,DAB,GKR,SLA,DSA,DUS
DUS,DAB,GKR,SLB,DSA,DUS
DUS,DAB,GUD,SLA,DSA,DUS
DUS,DAB,GUD,SLB,DSA,DUS
DUS,DSA,SLA,DAB,GRA,DUS
DUS,DSA,SLB,DAB,GRA,DUS
DUS,DSA,TEB,DAB,GRA,DUS
DUS,DAB,SLB,SLA,DSA,DUS
DUS,DAB,TEB,SLA,DSA,DUS
DUS,DAB,TEB,SLB,DSA,DUS
DUS,GKR,GUD,DAB,GRA,DUS
DUS,GKR,GUD,DAB,HDA,DUS
DUS,SLA,GKR,GUD,DAB,DUS
DUS,SLB,GKR,GUD,DAB,DUS
DUS,DAB,GUD,GKR,TEB,DUS
DUS,GKR,DAB,GRA,HDA,DUS
DUS,GRA,DAB,GKR,SLA,DUS
DUS,GRA,DAB,GKR,SLB,DUS
DUS,GRA,DAB,GKR,TEB,DUS
DUS,DAB,GKR,SLB,SLA,DUS
DUS,DAB,GKR,TEB,SLA,DUS
DUS,DAB,GKR,TEB,SLB,DUS
DUS,GRA,DAB,GUD,HDA,DUS
DUS,GRA,DAB,GUD,SLA,DUS
DUS,GRA,DAB,GUD,SLB,DUS
DUS,GRA,DAB,GUD,TEB,DUS
DUS,DAB,GUD,SLB,SLA,DUS
DUS,DAB,GUD,TEB,SLA,DUS
DUS,DAB,GUD,TEB,SLB,DUS
DUS,GRA,DAB,JSF,SLA,DUS
DUS,SLA,SLB,JSF,DAB,DUS
DUS,DAB,JSF,TEB,SLA,DUS
DUS,GRA,DAB,SLB,SLA,DUS
DUS,GRA,DAB,TEB,SLA,DUS
DUS,GRA,DAB,TEB,SLB,DUS
DUS,DAB,SLB,TEB,SLA,DUS
DUS,DRA,GKR,GUD,DSA,DUS
DUS,DSA,DRA,GKR,GRA,DUS
DUS,DRA,SLA,GKR,DSA,DUS
DUS,DRA,SLB,GKR,DSA,DUS
DUS,DSA,GKR,TEB,DRA,DUS
DUS,DSA,DRA,GUD,GRA,DUS
DUS,DRA,SLA,GUD,DSA,DUS
DUS,DRA,SLB,GUD,DSA,DUS
DUS,DRA,TEB,GUD,DSA,DUS
DUS,GRA,JSF,DSA,DRA,DUS
DUS,DRA,SLA,JSF,DSA,DUS
DUS,DRA,SLB,JSF,DSA,DUS
DUS,DSA,JSF,TEB,DRA,DUS
DUS,DRA,SLA,DSA,GRA,DUS
DUS,DRA,SLB,DSA,GRA,DUS
DUS,DRA,TEB,DSA,GRA,DUS
DUS,DSA,SLB,SLA,DRA,DUS
DUS,DRA,SLA,TEB,DSA,DUS
DUS,DRA,TEB,SLB,DSA,DUS
DUS,DRA,GKR,GUD,JSF,DUS
DUS,DRA,GKR,GUD,GRA,DUS
DUS,DRA,SLA,GKR,GUD,DUS
DUS,DRA,SLB,GKR,GUD,DUS
DUS,DRA,TEB,GKR,GUD,DUS
DUS,DRA,GKR,JSF,GRA,DUS
DUS,DRA,SLA,GKR,JSF,DUS
DUS,DRA,SLB,GKR,JSF,DUS
DUS,DRA,TEB,GKR,JSF,DUS
DUS,DRA,SLA,GKR,GRA,DUS
DUS,DRA,SLB,GKR,GRA,DUS
DUS,DRA,TEB,GKR,GRA,DUS
DUS,DRA,SLA,SLB,GKR,DUS
DUS,DRA,SLA,TEB,GKR,DUS
DUS,DRA,TEB,SLB,GKR,DUS
DUS,DRA,GUD,JSF,GRA,DUS
DUS,DRA,SLA,GUD,JSF,DUS
DUS,DRA,SLB,GUD,JSF,DUS
DUS,DRA,TEB,GUD,JSF,DUS
DUS,DRA,SLA,GUD,GRA,DUS
DUS,DRA,SLB,GUD,GRA,DUS
DUS,DRA,TEB,GUD,GRA,DUS
DUS,DRA,SLA,SLB,GUD,DUS
DUS,DRA,SLA,TEB,GUD,DUS
DUS,DRA,TEB,SLB,GUD,DUS
DUS,DRA,SLA,JSF,GRA,DUS
DUS,DRA,SLB,JSF,GRA,DUS
DUS,DRA,TEB,JSF,GRA,DUS
DUS,DRA,SLA,SLB,JSF,DUS
DUS,DRA,SLA,TEB,JSF,DUS
DUS,DRA,TEB,SLB,JSF,DUS
DUS,DRA,SLA,SLB,GRA,DUS
DUS,DRA,SLA,TEB,GRA,DUS
DUS,DRA,TEB,SLB,GRA,DUS
DUS,DRA,SLA,TEB,SLB,DUS
DUS,DSA,GKR,GUD,GRA,DUS
DUS,DSA,GKR,GUD,HDA,DUS
DUS,SLA,GKR,GUD,DSA,DUS
DUS,SLB,GKR,GUD,DSA,DUS
DUS,DSA,GUD,GKR,TEB,DUS
DUS,DSA,JSF,GKR,SLA,DUS
DUS,DSA,JSF,GKR,SLB,DUS
DUS,DSA,GKR,GRA,HDA,DUS
DUS,DSA,SLA,GKR,GRA,DUS
DUS,DSA,SLB,GKR,GRA,DUS
DUS,DSA,TEB,GKR,GRA,DUS
DUS,DSA,GKR,SLB,SLA,DUS
DUS,DSA,GKR,TEB,SLA,DUS
DUS,DSA,GKR,TEB,SLB,DUS
DUS,DSA,JSF,GUD,SLA,DUS
DUS,DSA,JSF,GUD,SLB,DUS
DUS,HDA,GRA,GUD,DSA,DUS
DUS,DSA,SLA,GUD,GRA,DUS
DUS,DSA,SLB,GUD,GRA,DUS
DUS,DSA,TEB,GUD,GRA,DUS
DUS,DSA,GUD,SLB,SLA,DUS
DUS,SLA,TEB,GUD,DSA,DUS
DUS,SLB,TEB,GUD,DSA,DUS
DUS,DSA,SLA,JSF,GRA,DUS
DUS,DSA,JSF,SLB,GRA,DUS
DUS,DSA,JSF,TEB,GRA,DUS
DUS,DSA,JSF,SLB,SLA,DUS
DUS,DSA,JSF,TEB,SLA,DUS
DUS,DSA,JSF,TEB,SLB,DUS
DUS,DSA,SLA,SLB,GRA,DUS
DUS,DSA,SLA,TEB,GRA,DUS
DUS,DSA,SLB,TEB,GRA,DUS
DUS,DSA,SLB,TEB,SLA,DUS
DUS,JSF,GKR,GUD,GRA,DUS
DUS,JSF,GKR,GUD,HDA,DUS
DUS,SLA,GKR,GUD,JSF,DUS
DUS,SLB,GKR,GUD,JSF,DUS
DUS,JSF,GUD,GKR,TEB,DUS
DUS,GKR,GUD,GRA,HDA,DUS
DUS,SLA,GKR,GUD,GRA,DUS
DUS,SLB,GKR,GUD,GRA,DUS
DUS,GRA,GUD,GKR,TEB,DUS
DUS,SLA,SLB,GKR,GUD,DUS
DUS,SLA,TEB,GKR,GUD,DUS
DUS,SLB,TEB,GKR,GUD,DUS
DUS,JSF,GKR,GRA,HDA,DUS
DUS,SLA,GKR,JSF,GRA,DUS
DUS,JSF,SLB,GKR,GRA,DUS
DUS,JSF,TEB,GKR,GRA,DUS
DUS,SLA,SLB,GKR,JSF,DUS
DUS,JSF,GKR,TEB,SLA,DUS
DUS,JSF,GKR,TEB,SLB,DUS
DUS,GRA,GKR,SLB,SLA,DUS
DUS,GRA,GKR,TEB,SLA,DUS
DUS,GRA,GKR,TEB,SLB,DUS
DUS,GKR,TEB,SLB,SLA,DUS
DUS,HDA,GRA,GUD,JSF,DUS
DUS,JSF,SLA,GUD,GRA,DUS
DUS,JSF,SLB,GUD,GRA,DUS
DUS,JSF,TEB,GUD,GRA,DUS
DUS,SLA,SLB,GUD,JSF,DUS
DUS,JSF,GUD,TEB,SLA,DUS
DUS,JSF,GUD,TEB,SLB,DUS
DUS,SLA,SLB,GUD,GRA,DUS
DUS,GRA,GUD,TEB,SLA,DUS
DUS,GRA,GUD,TEB,SLB,DUS
DUS,GUD,TEB,SLB,SLA,DUS
DUS,GRA,JSF,SLB,SLA,DUS
DUS,SLA,TEB,JSF,GRA,DUS
DUS,JSF,SLB,TEB,GRA,DUS
DUS,JSF,SLB,TEB,SLA,DUS
DUS,GRA,SLB,TEB,SLA,DUS
DUS,DRA,SLA,SLB,DAB,DSA,DUS
DUS,DRA,SLA,GKR,GUD,DAB,DUS
DUS,DRA,SLB,GKR,GUD,DAB,DUS
DUS,DRA,SLA,GKR,DAB,GRA,DUS
DUS,DRA,SLB,GKR,DAB,GRA,DUS
DUS,DRA,TEB,GKR,DAB,GRA,DUS
DUS,DAB,GKR,SLB,SLA,DRA,DUS
DUS,DRA,SLA,TEB,GKR,DAB,DUS
DUS,DAB,GKR,SLB,TEB,DRA,DUS
DUS,GRA,DAB,GUD,SLA,DRA,DUS
DUS,DRA,SLB,GUD,DAB,GRA,DUS
DUS,DRA,TEB,GUD,DAB,GRA,DUS
DUS,DAB,GUD,SLB,SLA,DRA,DUS
DUS,DAB,GUD,TEB,SLA,DRA,DUS
DUS,DAB,GUD,SLB,TEB,DRA,DUS
DUS,DRA,SLA,SLB,DAB,GRA,DUS
DUS,DRA,SLA,TEB,DAB,GRA,DUS
DUS,GRA,DAB,SLB,TEB,DRA,DUS
DUS,DAB,SLB,TEB,SLA,DRA,DUS
DUS,DAB,GKR,SLB,SLA,DSA,DUS
DUS,DAB,GUD,SLB,SLA,DSA,DUS
DUS,DSA,SLA,SLB,DAB,GRA,DUS
DUS,DAB,SLB,TEB,SLA,DSA,DUS
DUS,SLA,GKR,GUD,DAB,GRA,DUS
DUS,SLB,GKR,GUD,DAB,GRA,DUS
DUS,SLA,SLB,GKR,GUD,DAB,DUS
DUS,SLA,TEB,GKR,GUD,DAB,DUS
DUS,SLB,TEB,GKR,GUD,DAB,DUS
DUS,GRA,DAB,GKR,SLB,SLA,DUS
DUS,GRA,DAB,GKR,TEB,SLA,DUS
DUS,GRA,DAB,GKR,TEB,SLB,DUS
DUS,DAB,GKR,TEB,SLB,SLA,DUS
DUS,GRA,DAB,GUD,SLB,SLA,DUS
DUS,GRA,DAB,GUD,TEB,SLA,DUS
DUS,GRA,DAB,GUD,TEB,SLB,DUS
DUS,DAB,GUD,TEB,SLB,SLA,DUS
DUS,GRA,DAB,SLB,TEB,SLA,DUS
DUS,DSA,DRA,GKR,GUD,GRA,DUS
DUS,DRA,SLA,GKR,GUD,DSA,DUS
DUS,DRA,SLB,GKR,GUD,DSA,DUS
DUS,DRA,TEB,GKR,GUD,DSA,DUS
DUS,DSA,DRA,SLA,GKR,GRA,DUS
DUS,DSA,DRA,SLB,GKR,GRA,DUS
DUS,DSA,DRA,TEB,GKR,GRA,DUS
DUS,DRA,SLA,SLB,GKR,DSA,DUS
DUS,DRA,SLA,TEB,GKR,DSA,DUS
DUS,DRA,TEB,SLB,GKR,DSA,DUS
DUS,GRA,GUD,SLA,DRA,DSA,DUS
DUS,DSA,DRA,SLB,GUD,GRA,DUS
DUS,DSA,DRA,TEB,GUD,GRA,DUS
DUS,DRA,SLA,SLB,GUD,DSA,DUS
DUS,DRA,SLA,TEB,GUD,DSA,DUS
DUS,DRA,TEB,SLB,GUD,DSA,DUS
DUS,DRA,SLA,SLB,JSF,DSA,DUS
DUS,DRA,SLA,SLB,DSA,GRA,DUS
DUS,DRA,SLA,TEB,DSA,GRA,DUS
DUS,DRA,TEB,SLB,DSA,GRA,DUS
DUS,DRA,SLA,TEB,SLB,DSA,DUS
DUS,DRA,SLA,GKR,GUD,JSF,DUS
DUS,DRA,SLB,GKR,GUD,JSF,DUS
DUS,DRA,SLA,GKR,GUD,GRA,DUS
DUS,DRA,SLB,GKR,GUD,GRA,DUS
DUS,DRA,TEB,GKR,GUD,GRA,DUS
DUS,DRA,SLA,SLB,GKR,GUD,DUS
DUS,DRA,SLA,TEB,GKR,GUD,DUS
DUS,DRA,TEB,SLB,GKR,GUD,DUS
DUS,DRA,SLA,GKR,JSF,GRA,DUS
DUS,DRA,SLB,GKR,JSF,GRA,DUS
DUS,DRA,TEB,GKR,JSF,GRA,DUS
DUS,DRA,SLA,SLB,GKR,JSF,DUS
DUS,DRA,SLA,TEB,GKR,JSF,DUS
DUS,DRA,TEB,SLB,GKR,JSF,DUS
DUS,DRA,SLA,SLB,GKR,GRA,DUS
DUS,DRA,SLA,TEB,GKR,GRA,DUS
DUS,DRA,TEB,SLB,GKR,GRA,DUS
DUS,DRA,SLA,SLB,TEB,GKR,DUS
DUS,DRA,SLA,GUD,JSF,GRA,DUS
DUS,DRA,SLB,GUD,JSF,GRA,DUS
DUS,DRA,TEB,GUD,JSF,GRA,DUS
DUS,DRA,SLA,SLB,GUD,JSF,DUS
DUS,DRA,SLA,TEB,GUD,JSF,DUS
DUS,DRA,TEB,SLB,GUD,JSF,DUS
DUS,DRA,SLA,SLB,GUD,GRA,DUS
DUS,DRA,SLA,TEB,GUD,GRA,DUS
DUS,DRA,TEB,SLB,GUD,GRA,DUS
DUS,DRA,SLA,SLB,TEB,GUD,DUS
DUS,DRA,SLA,SLB,JSF,GRA,DUS
DUS,DRA,SLA,TEB,JSF,GRA,DUS
DUS,DRA,TEB,SLB,JSF,GRA,DUS
DUS,DRA,SLA,TEB,SLB,JSF,DUS
DUS,DRA,SLA,TEB,SLB,GRA,DUS
DUS,DSA,GKR,GUD,GRA,HDA,DUS
DUS,DSA,SLA,GKR,GUD,GRA,DUS
DUS,DSA,SLB,GKR,GUD,GRA,DUS
DUS,DSA,TEB,GKR,GUD,GRA,DUS
DUS,SLA,SLB,GKR,GUD,DSA,DUS
DUS,SLA,TEB,GKR,GUD,DSA,DUS
DUS,SLB,TEB,GKR,GUD,DSA,DUS
DUS,DSA,JSF,GKR,SLB,SLA,DUS
DUS,DSA,SLA,SLB,GKR,GRA,DUS
DUS,DSA,SLA,TEB,GKR,GRA,DUS
DUS,DSA,SLB,TEB,GKR,GRA,DUS
DUS,DSA,GKR,TEB,SLB,SLA,DUS
DUS,DSA,JSF,GUD,SLB,SLA,DUS
DUS,DSA,SLA,SLB,GUD,GRA,DUS
DUS,DSA,SLA,TEB,GUD,GRA,DUS
DUS,DSA,SLB,TEB,GUD,GRA,DUS
DUS,SLA,SLB,TEB,GUD,DSA,DUS
DUS,DSA,SLA,SLB,JSF,GRA,DUS
DUS,DSA,JSF,SLB,TEB,SLA,DUS
DUS,DSA,SLA,TEB,SLB,GRA,DUS
DUS,JSF,SLA,GKR,GUD,GRA,DUS
DUS,JSF,SLB,GKR,GUD,GRA,DUS
DUS,SLA,SLB,GKR,GUD,JSF,DUS
DUS,SLA,TEB,GKR,GUD,JSF,DUS
DUS,SLB,TEB,GKR,GUD,JSF,DUS
DUS,SLA,SLB,GKR,GUD,GRA,DUS
DUS,SLA,TEB,GKR,GUD,GRA,DUS
DUS,SLB,TEB,GKR,GUD,GRA,DUS
DUS,SLA,SLB,TEB,GKR,GUD,DUS
DUS,SLA,SLB,GKR,JSF,GRA,DUS
DUS,SLA,TEB,GKR,JSF,GRA,DUS
DUS,JSF,SLB,TEB,GKR,GRA,DUS
DUS,JSF,GKR,TEB,SLB,SLA,DUS
DUS,GRA,GKR,TEB,SLB,SLA,DUS
DUS,JSF,SLA,SLB,GUD,GRA,DUS
DUS,JSF,SLA,TEB,GUD,GRA,DUS
DUS,JSF,SLB,TEB,GUD,GRA,DUS
DUS,JSF,GUD,TEB,SLB,SLA,DUS
DUS,GRA,GUD,TEB,SLB,SLA,DUS
DUS,GRA,JSF,SLB,TEB,SLA,DUS
DUS,DRA,SLA,SLB,GKR,DAB,GRA,DUS
DUS,DAB,GKR,TEB,SLB,SLA,DRA,DUS
DUS,DRA,SLA,SLB,GUD,DAB,GRA,DUS
DUS,DAB,GUD,TEB,SLB,SLA,DRA,DUS
DUS,DRA,SLA,TEB,SLB,DAB,GRA,DUS
DUS,GRA,DAB,GKR,TEB,SLB,SLA,DUS
DUS,GRA,DAB,GUD,TEB,SLB,SLA,DUS
DUS,DSA,DRA,SLA,GKR,GUD,GRA,DUS
DUS,DSA,DRA,SLB,GKR,GUD,GRA,DUS
DUS,DRA,SLA,SLB,GKR,GUD,DSA,DUS
DUS,DRA,SLA,TEB,GKR,GUD,DSA,DUS
DUS,DRA,TEB,SLB,GKR,GUD,DSA,DUS
DUS,DSA,DRA,SLA,SLB,GKR,GRA,DUS
DUS,DSA,DRA,SLA,TEB,GKR,GRA,DUS
DUS,DSA,DRA,TEB,SLB,GKR,GRA,DUS
DUS,DRA,SLA,SLB,TEB,GKR,DSA,DUS
DUS,DSA,DRA,SLA,SLB,GUD,GRA,DUS
DUS,DSA,DRA,SLA,TEB,GUD,GRA,DUS
DUS,DSA,DRA,TEB,SLB,GUD,GRA,DUS
DUS,DRA,SLA,SLB,TEB,GUD,DSA,DUS
DUS,DRA,SLA,TEB,SLB,DSA,GRA,DUS
DUS,DRA,SLA,SLB,GKR,GUD,GRA,DUS
DUS,DRA,SLA,TEB,GKR,GUD,GRA,DUS
DUS,DRA,TEB,SLB,GKR,GUD,GRA,DUS
DUS,DRA,SLA,SLB,TEB,GKR,GUD,DUS
DUS,DRA,SLA,SLB,GKR,JSF,GRA,DUS
DUS,DRA,SLA,SLB,TEB,GKR,JSF,DUS
DUS,DRA,SLA,SLB,TEB,GKR,GRA,DUS
DUS,DRA,SLA,SLB,GUD,JSF,GRA,DUS
DUS,DRA,SLA,SLB,TEB,GUD,JSF,DUS
DUS,DRA,SLA,SLB,TEB,GUD,GRA,DUS
DUS,DRA,SLA,TEB,SLB,JSF,GRA,DUS
DUS,DSA,SLA,SLB,GKR,GUD,GRA,DUS
DUS,DSA,SLA,TEB,GKR,GUD,GRA,DUS
DUS,DSA,SLB,TEB,GKR,GUD,GRA,DUS
DUS,SLA,SLB,TEB,GKR,GUD,DSA,DUS
DUS,DSA,SLA,SLB,TEB,GKR,GRA,DUS
DUS,DSA,SLA,SLB,TEB,GUD,GRA,DUS
DUS,SLA,SLB,TEB,GKR,GUD,GRA,DUS
DUS,SLA,SLB,TEB,GKR,JSF,GRA,DUS
DUS,JSF,SLA,SLB,TEB,GUD,GRA,DUS
DUS,DSA,DRA,SLA,SLB,TEB,GKR,GRA,DUS
DUS,DSA,DRA,SLA,SLB,TEB,GUD,GRA,DUS
DUS,DRA,SLA,SLB,TEB,GKR,GUD,GRA,DUS
