MON,ASL,STASTB,MON
MON,DAB,OSE,MON
MON,GFAGFBGFC,KVB,MON
MON,GFAGFBGFC,TRO,MON
MON,NLNVAL,STASTB,MON
MON,STASTB,STC,MON
MON,STASTB,TENTRB,MON
MON,STASTB,TEQTRC,MON
MON,APT,ASL,STASTB,MON
MON,APT,DAB,DSA,MON
MON,APT,DAB,DSS,MON
MON,APT,DAB,MID,MON
MON,APT,DAB,NLNVAL,MON
MON,APT,DAB,OSE,MON
MON,APT,DAB,OSOVFB,MON
MON,APT,DAB,OSS,MON
MON,APT,DAB,STC,MON
MON,APT,DSA,DSS,MON
MON,APT,DSA,NLNVAL,MON
MON,APT,DSA,OSE,MON
MON,APT,DSA,OSOVFB,MON
MON,APT,DSA,STASTB,MON
MON,APT,DSS,NLNVAL,MON
MON,APT,DSS,OSE,MON
MON,APT,DSS,OSOVFB,MON
MON,APT,DSS,STASTB,MON
MON,APT,DSS,STC,MON
MON,APT,DSS,TENTRB,MON
MON,APT,DSS,TEQTRC,MON
MON,APT,GFAGFBGFC,KVB,MON
MON,APT,GFAGFBGFC,MID,MON
MON,APT,GFAGFBGFC,TRO,MON
MON,APT,NLNVAL,STASTB,MON
MON,APT,OSC,OSE,MON
MON,APT,OSE,OSOVFB,MON
MON,APT,OSE,OSS,MON
MON,APT,OSE,TENTRB,MON
MON,APT,OSE,TEQTRC,MON
MON,APT,OSOVFB,STASTB,MON
MON,APT,OSOVFB,TEQTRC,MON
MON,APT,STASTB,STC,MON
MON,APT,STASTB,TENTRB,MON
MON,APT,STASTB,TEQTRC,MON
MON,ASL,DAB,DSA,MON
MON,ASL,DAB,DSS,MON
MON,ASL,DAB,MID,MON
MON,ASL,DAB,NLNVAL,MON
MON,ASL,DAB,OSOVFB,MON
MON,ASL,DAB,OSS,MON
MON,ASL,DAB,STC,MON
MON,ASL,DSA,OSE,MON
MON,ASL,DSS,OSE,MON
MON,ASL,DSS,OSS,MON
MON,ASL,MID,STASTB,MON
MON,ASL,NLNVAL,OSC,MON
MON,ASL,NLNVAL,TENTRB,MON
MON,ASL,NLNVAL,TEQTRC,MON
MON,ASL,OSC,OSOVFB,MON
MON,ASL,OSC,STASTB,MON
MON,ASL,OSC,STC,MON
MON,ASL,OSE,STC,MON
MON,ASL,OSE,TRO,MON
MON,ASL,OSOVFB,STC,MON
MON,ASL,OSOVFB,TENTRB,MON
MON,ASL,OSS,STASTB,MON
MON,ASL,OSS,STC,MON
MON,ASL,TENTRB,TEQTRC,MON
MON,DAB,DSS,MID,MON
MON,DAB,DSS,OSS,MON
MON,DAB,KVB,NLNVAL,MON
MON,DAB,KVB,OSC,MON
MON,DAB,KVB,OSOVFB,MON
MON,DAB,KVB,OSS,MON
MON,DAB,KVB,TENTRB,MON
MON,DAB,KVB,TEQTRC,MON
MON,DAB,MID,STC,MON
MON,DAB,NLNVAL,TENTRB,MON
MON,DAB,NLNVAL,TEQTRC,MON
MON,DAB,NLNVAL,TRO,MON
MON,DAB,OSC,OSOVFB,MON
MON,DAB,OSC,OSS,MON
MON,DAB,OSC,STC,MON
MON,DAB,OSC,TENTRB,MON
MON,DAB,OSC,TEQTRC,MON
MON,DAB,OSE,TRO,MON
MON,DAB,OSOVFB,STC,MON
MON,DAB,OSOVFB,TENTRB,MON
MON,DAB,OSOVFB,TEQTRC,MON
MON,DAB,OSOVFB,TRO,MON
MON,DAB,OSS,STC,MON
MON,DAB,OSS,TENTRB,MON
MON,DAB,TENTRB,TEQTRC,MON
MON,DAB,TENTRB,TRO,MON
MON,DAB,TEQTRC,TRO,MON
MON,DSA,DSS,MID,MON
MON,DSA,DSS,OSE,MON
MON,DSA,KVB,STASTB,MON
MON,DSA,MID,NLNVAL,MON
MON,DSA,MID,STASTB,MON
MON,DSA,MID,STC,MON
MON,DSA,OSC,STASTB,MON
MON,DSA,OSC,STC,MON
MON,DSA,OSE,OSOVFB,MON
MON,DSA,OSE,STC,MON
MON,DSA,OSE,TEQTRC,MON
MON,DSA,OSOVFB,STC,MON
MON,DSA,OSS,STASTB,MON
MON,DSA,OSS,STC,MON
MON,DSS,KVB,STASTB,MON
MON,DSS,MID,NLNVAL,MON
MON,DSS,MID,OSE,MON
MON,DSS,MID,STASTB,MON
MON,DSS,MID,STC,MON
MON,DSS,NLNVAL,OSE,MON
MON,DSS,NLNVAL,STC,MON
MON,DSS,OSC,STASTB,MON
MON,DSS,OSC,STC,MON
MON,DSS,OSE,OSOVFB,MON
MON,DSS,OSE,STC,MON
MON,DSS,OSE,TEQTRC,MON
MON,DSS,OSOVFB,STC,MON
MON,DSS,OSS,STASTB,MON
MON,DSS,OSS,STC,MON
MON,DSS,STASTB,TENTRB,MON
MON,GFAGFBGFC,KVB,MID,MON
MON,GFAGFBGFC,MID,OSC,MON
MON,GFAGFBGFC,MID,OSS,MON
MON,KVB,NLNVAL,OSE,MON
MON,KVB,NLNVAL,OSOVFB,MON
MON,KVB,NLNVAL,STC,MON
MON,KVB,OSE,STASTB,MON
MON,KVB,OSE,STC,MON
MON,KVB,OSE,TENTRB,MON
MON,KVB,OSE,TEQTRC,MON
MON,KVB,OSOVFB,STASTB,MON
MON,KVB,OSS,STASTB,MON
MON,MID,NLNVAL,STASTB,MON
MON,MID,OSC,STASTB,MON
MON,MID,OSE,STASTB,MON
MON,MID,OSE,STC,MON
MON,MID,OSE,TENTRB,MON
MON,MID,OSE,TEQTRC,MON
MON,MID,OSOVFB,STASTB,MON
MON,MID,OSOVFB,STC,MON
MON,MID,OSS,STASTB,MON
MON,MID,STASTB,STC,MON
MON,MID,STASTB,TENTRB,MON
MON,MID,STASTB,TEQTRC,MON
MON,NLNVAL,OSC,OSE,MON
MON,NLNVAL,OSC,OSOVFB,MON
MON,NLNVAL,OSC,STASTB,MON
MON,NLNVAL,OSC,TENTRB,MON
MON,NLNVAL,OSC,TEQTRC,MON
MON,NLNVAL,OSE,STC,MON
MON,NLNVAL,OSE,TRO,MON
MON,NLNVAL,OSOVFB,STC,MON
MON,NLNVAL,OSOVFB,TENTRB,MON
MON,NLNVAL,OSOVFB,TEQTRC,MON
MON,NLNVAL,OSS,STASTB,MON
MON,NLNVAL,OSS,STC,MON
MON,NLNVAL,OSS,TENTRB,MON
MON,NLNVAL,TENTRB,TEQTRC,MON
MON,OSC,OSE,OSOVFB,MON
MON,OSC,OSE,OSS,MON
MON,OSC,OSE,TENTRB,MON
MON,OSC,OSE,TEQTRC,MON
MON,OSC,OSOVFB,TEQTRC,MON
MON,OSE,OSOVFB,OSS,MON
MON,OSE,OSOVFB,TENTRB,MON
MON,OSE,OSOVFB,TEQTRC,MON
MON,OSE,OSOVFB,TRO,MON
MON,OSE,OSS,TENTRB,MON
MON,OSE,OSS,TEQTRC,MON
MON,OSE,STASTB,TRO,MON
MON,OSE,TENTRB,TEQTRC,MON
MON,OSE,TENTRB,TRO,MON
MON,OSE,TEQTRC,TRO,MON
MON,OSOVFB,OSS,STASTB,MON
MON,OSOVFB,OSS,TEQTRC,MON
MON,OSOVFB,TENTRB,TEQTRC,MON
MON,OSS,STASTB,STC,MON
MON,OSS,STASTB,TENTRB,MON
MON,OSS,STASTB,TEQTRC,MON
MON,APT,ASL,DAB,KVB,MON
MON,APT,ASL,DAB,MID,MON
MON,APT,ASL,DAB,TRO,MON
MON,APT,ASL,DSA,KVB,MON
MON,APT,ASL,DSA,MID,MON
MON,APT,ASL,DSA,OSC,MON
MON,APT,ASL,DSA,OSS,MON
MON,APT,ASL,DSA,TENTRB,MON
MON,APT,ASL,DSA,TEQTRC,MON
MON,APT,ASL,DSA,TRO,MON
MON,APT,ASL,DSS,KVB,MON
MON,APT,ASL,DSS,MID,MON
MON,APT,ASL,DSS,OSC,MON
MON,APT,ASL,DSS,OSS,MON
MON,APT,ASL,DSS,TENTRB,MON
MON,APT,ASL,DSS,TEQTRC,MON
MON,APT,ASL,DSS,TRO,MON
MON,APT,ASL,KVB,MID,MON
MON,APT,ASL,KVB,OSE,MON
MON,APT,ASL,KVB,OSS,MON
MON,APT,ASL,KVB,STC,MON
MON,APT,ASL,MID,NLNVAL,MON
MON,APT,ASL,MID,OSE,MON
MON,APT,ASL,MID,OSOVFB,MON
MON,APT,ASL,MID,OSS,MON
MON,APT,ASL,MID,STC,MON
MON,APT,ASL,MID,TENTRB,MON
MON,APT,ASL,MID,TEQTRC,MON
MON,APT,ASL,NLNVAL,OSC,MON
MON,APT,ASL,NLNVAL,OSS,MON
MON,APT,ASL,OSC,OSE,MON
MON,APT,ASL,OSC,OSOVFB,MON
MON,APT,ASL,OSC,OSS,MON
MON,APT,ASL,OSC,STC,MON
MON,APT,ASL,OSE,OSS,MON
MON,APT,ASL,OSE,TRO,MON
MON,APT,ASL,OSOVFB,OSS,MON
MON,APT,ASL,OSOVFB,TENTRB,MON
MON,APT,ASL,OSOVFB,TEQTRC,MON
MON,APT,ASL,OSS,STC,MON
MON,APT,ASL,OSS,TENTRB,MON
MON,APT,ASL,OSS,TEQTRC,MON
MON,APT,ASL,STC,TENTRB,MON
MON,APT,ASL,STC,TEQTRC,MON
MON,APT,ASL,STC,TRO,MON
MON,APT,ASL,TENTRB,TEQTRC,MON
MON,APT,DAB,DSA,TRO,MON
MON,APT,DAB,DSS,TRO,MON
MON,APT,DAB,KVB,MID,MON
MON,APT,DAB,KVB,OSC,MON
MON,APT,DAB,KVB,OSS,MON
MON,APT,DAB,KVB,TENTRB,MON
MON,APT,DAB,KVB,TEQTRC,MON
MON,APT,DAB,KVB,TRO,MON
MON,APT,DAB,MID,OSC,MON
MON,APT,DAB,MID,OSS,MON
MON,APT,DAB,MID,TENTRB,MON
MON,APT,DAB,MID,TEQTRC,MON
MON,APT,DAB,MID,TRO,MON
MON,APT,DAB,NLNVAL,TRO,MON
MON,APT,DAB,OSC,OSS,MON
MON,APT,DAB,OSC,TENTRB,MON
MON,APT,DAB,OSC,TRO,MON
MON,APT,DAB,OSOVFB,TRO,MON
MON,APT,DAB,OSS,TENTRB,MON
MON,APT,DAB,OSS,TRO,MON
MON,APT,DAB,STC,TRO,MON
MON,APT,DSA,DSS,KVB,MON
MON,APT,DSA,DSS,MID,MON
MON,APT,DSA,DSS,OSC,MON
MON,APT,DSA,DSS,OSS,MON
MON,APT,DSA,DSS,TENTRB,MON
MON,APT,DSA,DSS,TRO,MON
MON,APT,DSA,KVB,MID,MON
MON,APT,DSA,KVB,NLNVAL,MON
MON,APT,DSA,KVB,OSC,MON
MON,APT,DSA,KVB,OSE,MON
MON,APT,DSA,KVB,OSOVFB,MON
MON,APT,DSA,KVB,OSS,MON
MON,APT,DSA,KVB,STC,MON
MON,APT,DSA,KVB,TENTRB,MON
MON,APT,DSA,KVB,TEQTRC,MON
MON,APT,DSA,KVB,TRO,MON
MON,APT,DSA,MID,NLNVAL,MON
MON,APT,DSA,MID,OSC,MON
MON,APT,DSA,MID,OSE,MON
MON,APT,DSA,MID,OSOVFB,MON
MON,APT,DSA,MID,OSS,MON
MON,APT,DSA,MID,STC,MON
MON,APT,DSA,MID,TENTRB,MON
MON,APT,DSA,MID,TEQTRC,MON
MON,APT,DSA,MID,TRO,MON
MON,APT,DSA,NLNVAL,OSC,MON
MON,APT,DSA,NLNVAL,OSS,MON
MON,APT,DSA,NLNVAL,TENTRB,MON
MON,APT,DSA,NLNVAL,TRO,MON
MON,APT,DSA,OSC,OSOVFB,MON
MON,APT,DSA,OSC,OSS,MON
MON,APT,DSA,OSC,STC,MON
MON,APT,DSA,OSC,TENTRB,MON
MON,APT,DSA,OSC,TEQTRC,MON
MON,APT,DSA,OSC,TRO,MON
MON,APT,DSA,OSE,TRO,MON
MON,APT,DSA,OSOVFB,OSS,MON
MON,APT,DSA,OSOVFB,TENTRB,MON
MON,APT,DSA,OSOVFB,TRO,MON
MON,APT,DSA,OSS,STC,MON
MON,APT,DSA,OSS,TENTRB,MON
MON,APT,DSA,OSS,TEQTRC,MON
MON,APT,DSA,OSS,TRO,MON
MON,APT,DSA,STC,TENTRB,MON
MON,APT,DSA,STC,TRO,MON
MON,APT,DSA,TENTRB,TEQTRC,MON
MON,APT,DSA,TENTRB,TRO,MON
MON,APT,DSA,TEQTRC,TRO,MON
MON,APT,DSS,KVB,MID,MON
MON,APT,DSS,KVB,NLNVAL,MON
MON,APT,DSS,KVB,OSC,MON
MON,APT,DSS,KVB,OSE,MON
MON,APT,DSS,KVB,OSOVFB,MON
MON,APT,DSS,KVB,OSS,MON
MON,APT,DSS,KVB,STC,MON
MON,APT,DSS,KVB,TENTRB,MON
MON,APT,DSS,KVB,TEQTRC,MON
MON,APT,DSS,KVB,TRO,MON
MON,APT,DSS,MID,NLNVAL,MON
MON,APT,DSS,MID,OSC,MON
MON,APT,DSS,MID,OSE,MON
MON,APT,DSS,MID,OSOVFB,MON
MON,APT,DSS,MID,OSS,MON
MON,APT,DSS,MID,STC,MON
MON,APT,DSS,MID,TENTRB,MON
MON,APT,DSS,MID,TEQTRC,MON
MON,APT,DSS,MID,TRO,MON
MON,APT,DSS,NLNVAL,OSC,MON
MON,APT,DSS,NLNVAL,OSS,MON
MON,APT,DSS,NLNVAL,TENTRB,MON
MON,APT,DSS,NLNVAL,TRO,MON
MON,APT,DSS,OSC,OSOVFB,MON
MON,APT,DSS,OSC,OSS,MON
MON,APT,DSS,OSC,STC,MON
MON,APT,DSS,OSC,TENTRB,MON
MON,APT,DSS,OSC,TEQTRC,MON
MON,APT,DSS,OSC,TRO,MON
MON,APT,DSS,OSE,TRO,MON
MON,APT,DSS,OSOVFB,OSS,MON
MON,APT,DSS,OSOVFB,TENTRB,MON
MON,APT,DSS,OSOVFB,TRO,MON
MON,APT,DSS,OSS,STC,MON
MON,APT,DSS,OSS,TENTRB,MON
MON,APT,DSS,OSS,TEQTRC,MON
MON,APT,DSS,OSS,TRO,MON
MON,APT,DSS,STC,TENTRB,MON
MON,APT,DSS,STC,TRO,MON
MON,APT,DSS,TENTRB,TEQTRC,MON
MON,APT,DSS,TENTRB,TRO,MON
MON,APT,DSS,TEQTRC,TRO,MON
MON,APT,KVB,MID,NLNVAL,MON
MON,APT,KVB,MID,OSE,MON
MON,APT,KVB,MID,OSOVFB,MON
MON,APT,KVB,MID,STASTB,MON
MON,APT,KVB,MID,STC,MON
MON,APT,KVB,NLNVAL,OSE,MON
MON,APT,KVB,NLNVAL,STC,MON
MON,APT,KVB,OSC,STASTB,MON
MON,APT,KVB,OSC,STC,MON
MON,APT,KVB,OSE,OSOVFB,MON
MON,APT,KVB,OSE,OSS,MON
MON,APT,KVB,OSE,STC,MON
MON,APT,KVB,OSE,TENTRB,MON
MON,APT,KVB,OSE,TEQTRC,MON
MON,APT,KVB,OSOVFB,OSS,MON
MON,APT,KVB,OSOVFB,STC,MON
MON,APT,KVB,OSS,STASTB,MON
MON,APT,KVB,OSS,STC,MON
MON,APT,KVB,STASTB,TRO,MON
MON,APT,KVB,STC,TENTRB,MON
MON,APT,KVB,STC,TEQTRC,MON
MON,APT,MID,NLNVAL,OSE,MON
MON,APT,MID,NLNVAL,OSS,MON
MON,APT,MID,NLNVAL,STC,MON
MON,APT,MID,OSC,STASTB,MON
MON,APT,MID,OSC,STC,MON
MON,APT,MID,OSC,TENTRB,MON
MON,APT,MID,OSE,STC,MON
MON,APT,MID,OSOVFB,STC,MON
MON,APT,MID,OSS,STASTB,MON
MON,APT,MID,OSS,STC,MON
MON,APT,MID,STASTB,TRO,MON
MON,APT,MID,STC,TENTRB,MON
MON,APT,MID,STC,TEQTRC,MON
MON,APT,NLNVAL,OSC,OSOVFB,MON
MON,APT,NLNVAL,OSC,STC,MON
MON,APT,NLNVAL,OSOVFB,OSS,MON
MON,APT,NLNVAL,OSOVFB,TENTRB,MON
MON,APT,NLNVAL,OSS,STC,MON
MON,APT,NLNVAL,OSS,TENTRB,MON
MON,APT,NLNVAL,OSS,TEQTRC,MON
MON,APT,NLNVAL,STC,TENTRB,MON
MON,APT,NLNVAL,STC,TRO,MON
MON,APT,OSC,OSE,TRO,MON
MON,APT,OSC,OSOVFB,STC,MON
MON,APT,OSC,OSOVFB,TENTRB,MON
MON,APT,OSC,OSOVFB,TRO,MON
MON,APT,OSC,OSS,STC,MON
MON,APT,OSC,OSS,TENTRB,MON
MON,APT,OSC,OSS,TEQTRC,MON
MON,APT,OSC,STASTB,TRO,MON
MON,APT,OSC,STC,TENTRB,MON
MON,APT,OSC,STC,TEQTRC,MON
MON,APT,OSC,TENTRB,TEQTRC,MON
MON,APT,OSC,TENTRB,TRO,MON
MON,APT,OSC,TEQTRC,TRO,MON
MON,APT,OSE,OSS,TRO,MON
MON,APT,OSE,STC,TRO,MON
MON,APT,OSE,TENTRB,TRO,MON
MON,APT,OSOVFB,OSS,STC,MON
MON,APT,OSOVFB,STC,TENTRB,MON
MON,APT,OSOVFB,STC,TRO,MON
MON,APT,OSOVFB,TENTRB,TRO,MON
MON,APT,OSS,STASTB,TRO,MON
MON,APT,OSS,STC,TENTRB,MON
MON,APT,OSS,STC,TEQTRC,MON
MON,APT,OSS,TENTRB,TEQTRC,MON
MON,APT,OSS,TENTRB,TRO,MON
MON,APT,OSS,TEQTRC,TRO,MON
MON,APT,STASTB,TENTRB,TRO,MON
MON,APT,STC,TENTRB,TEQTRC,MON
MON,APT,STC,TENTRB,TRO,MON
MON,APT,STC,TEQTRC,TRO,MON
MON,APT,TENTRB,TEQTRC,TRO,MON
MON,ASL,DAB,KVB,MID,MON
MON,ASL,DAB,KVB,OSC,MON
MON,ASL,DAB,KVB,OSS,MON
MON,ASL,DAB,KVB,TRO,MON
MON,ASL,DAB,MID,OSC,MON
MON,ASL,DAB,MID,OSS,MON
MON,ASL,DAB,MID,TRO,MON
MON,ASL,DAB,OSC,TRO,MON
MON,ASL,DAB,OSS,TRO,MON
MON,ASL,DSA,DSS,KVB,MON
MON,ASL,DSA,DSS,MID,MON
MON,ASL,DSA,DSS,TRO,MON
MON,ASL,DSA,KVB,MID,MON
MON,ASL,DSA,KVB,OSOVFB,MON
MON,ASL,DSA,KVB,OSS,MON
MON,ASL,DSA,KVB,STC,MON
MON,ASL,DSA,MID,NLNVAL,MON
MON,ASL,DSA,MID,OSC,MON
MON,ASL,DSA,MID,OSOVFB,MON
MON,ASL,DSA,MID,OSS,MON
MON,ASL,DSA,MID,STC,MON
MON,ASL,DSA,MID,TENTRB,MON
MON,ASL,DSA,MID,TEQTRC,MON
MON,ASL,DSA,MID,TRO,MON
MON,ASL,DSA,OSC,OSS,MON
MON,ASL,DSA,OSC,TENTRB,MON
MON,ASL,DSA,OSC,TEQTRC,MON
MON,ASL,DSA,OSOVFB,TRO,MON
MON,ASL,DSA,OSS,TENTRB,MON
MON,ASL,DSA,OSS,TEQTRC,MON
MON,ASL,DSA,OSS,TRO,MON
MON,ASL,DSS,KVB,MID,MON
MON,ASL,DSS,KVB,NLNVAL,MON
MON,ASL,DSS,KVB,OSC,MON
MON,ASL,DSS,KVB,OSOVFB,MON
MON,ASL,DSS,KVB,OSS,MON
MON,ASL,DSS,KVB,STC,MON
MON,ASL,DSS,KVB,TENTRB,MON
MON,ASL,DSS,MID,NLNVAL,MON
MON,ASL,DSS,MID,OSC,MON
MON,ASL,DSS,MID,OSOVFB,MON
MON,ASL,DSS,MID,OSS,MON
MON,ASL,DSS,MID,STC,MON
MON,ASL,DSS,MID,TENTRB,MON
MON,ASL,DSS,MID,TEQTRC,MON
MON,ASL,DSS,MID,TRO,MON
MON,ASL,DSS,NLNVAL,TRO,MON
MON,ASL,DSS,OSC,OSS,MON
MON,ASL,DSS,OSC,TENTRB,MON
MON,ASL,DSS,OSC,TEQTRC,MON
MON,ASL,DSS,OSC,TRO,MON
MON,ASL,DSS,OSOVFB,TRO,MON
MON,ASL,DSS,OSS,TENTRB,MON
MON,ASL,DSS,OSS,TEQTRC,MON
MON,ASL,DSS,OSS,TRO,MON
MON,ASL,DSS,STC,TRO,MON
MON,ASL,DSS,TEQTRC,TRO,MON
MON,ASL,KVB,MID,NLNVAL,MON
MON,ASL,KVB,MID,STASTB,MON
MON,ASL,KVB,MID,STC,MON
MON,ASL,KVB,OSC,STC,MON
MON,ASL,KVB,OSOVFB,STC,MON
MON,ASL,KVB,OSS,STC,MON
MON,ASL,KVB,STASTB,TRO,MON
MON,ASL,KVB,TENTRB,TRO,MON
MON,ASL,KVB,TEQTRC,TRO,MON
MON,ASL,MID,NLNVAL,OSC,MON
MON,ASL,MID,NLNVAL,OSOVFB,MON
MON,ASL,MID,NLNVAL,OSS,MON
MON,ASL,MID,NLNVAL,STC,MON
MON,ASL,MID,NLNVAL,TENTRB,MON
MON,ASL,MID,NLNVAL,TEQTRC,MON
MON,ASL,MID,OSC,STC,MON
MON,ASL,MID,OSOVFB,OSS,MON
MON,ASL,MID,OSOVFB,STC,MON
MON,ASL,MID,OSS,STC,MON
MON,ASL,MID,STASTB,TRO,MON
MON,ASL,MID,STC,TENTRB,MON
MON,ASL,MID,STC,TEQTRC,MON
MON,ASL,MID,STC,TRO,MON
MON,ASL,NLNVAL,OSS,TEQTRC,MON
MON,ASL,OSC,OSS,STC,MON
MON,ASL,OSC,STC,TENTRB,MON
MON,ASL,OSC,STC,TEQTRC,MON
MON,ASL,OSC,STC,TRO,MON
MON,ASL,OSOVFB,OSS,TENTRB,MON
MON,ASL,OSOVFB,OSS,TEQTRC,MON
MON,ASL,OSOVFB,STC,TRO,MON
MON,ASL,OSS,STC,TENTRB,MON
MON,ASL,OSS,STC,TEQTRC,MON
MON,ASL,OSS,STC,TRO,MON
MON,DAB,DSA,KVB,MID,MON
MON,DAB,DSA,MID,TRO,MON
MON,DAB,DSA,OSS,TRO,MON
MON,DAB,DSS,KVB,MID,MON
MON,DAB,DSS,MID,TRO,MON
MON,DAB,DSS,OSS,TRO,MON
MON,DAB,KVB,MID,NLNVAL,MON
MON,DAB,KVB,MID,STC,MON
MON,DAB,KVB,OSC,TRO,MON
MON,DAB,KVB,TENTRB,TRO,MON
MON,DAB,KVB,TEQTRC,TRO,MON
MON,DAB,MID,NLNVAL,TRO,MON
MON,DAB,MID,STC,TRO,MON
MON,DAB,OSC,STC,TRO,MON
MON,DAB,OSC,TENTRB,TRO,MON
MON,DAB,OSS,STC,TRO,MON
MON,DSA,DSS,KVB,MID,MON
MON,DSA,DSS,KVB,OSS,MON
MON,DSA,DSS,MID,OSC,MON
MON,DSA,DSS,MID,OSS,MON
MON,DSA,DSS,MID,TENTRB,MON
MON,DSA,DSS,MID,TEQTRC,MON
MON,DSA,DSS,MID,TRO,MON
MON,DSA,DSS,NLNVAL,TRO,MON
MON,DSA,DSS,OSC,OSS,MON
MON,DSA,DSS,OSC,TENTRB,MON
MON,DSA,DSS,OSOVFB,TRO,MON
MON,DSA,DSS,OSS,TENTRB,MON
MON,DSA,DSS,OSS,TRO,MON
MON,DSA,DSS,STC,TRO,MON
MON,DSA,KVB,MID,NLNVAL,MON
MON,DSA,KVB,MID,OSE,MON
MON,DSA,KVB,MID,OSOVFB,MON
MON,DSA,KVB,MID,OSS,MON
MON,DSA,KVB,MID,STC,MON
MON,DSA,KVB,MID,TENTRB,MON
MON,DSA,KVB,MID,TEQTRC,MON
MON,DSA,KVB,NLNVAL,OSS,MON
MON,DSA,KVB,OSC,OSE,MON
MON,DSA,KVB,OSC,STC,MON
MON,DSA,KVB,OSE,OSS,MON
MON,DSA,KVB,OSOVFB,OSS,MON
MON,DSA,KVB,OSS,STC,MON
MON,DSA,KVB,OSS,TENTRB,MON
MON,DSA,KVB,OSS,TEQTRC,MON
MON,DSA,KVB,STC,TENTRB,MON
MON,DSA,KVB,STC,TEQTRC,MON
MON,DSA,KVB,STC,TRO,MON
MON,DSA,MID,NLNVAL,OSC,MON
MON,DSA,MID,NLNVAL,OSS,MON
MON,DSA,MID,NLNVAL,TENTRB,MON
MON,DSA,MID,NLNVAL,TEQTRC,MON
MON,DSA,MID,NLNVAL,TRO,MON
MON,DSA,MID,OSC,OSE,MON
MON,DSA,MID,OSC,OSOVFB,MON
MON,DSA,MID,OSC,OSS,MON
MON,DSA,MID,OSC,STC,MON
MON,DSA,MID,OSC,TENTRB,MON
MON,DSA,MID,OSC,TEQTRC,MON
MON,DSA,MID,OSE,OSS,MON
MON,DSA,MID,OSE,TRO,MON
MON,DSA,MID,OSOVFB,OSS,MON
MON,DSA,MID,OSOVFB,TENTRB,MON
MON,DSA,MID,OSOVFB,TEQTRC,MON
MON,DSA,MID,OSOVFB,TRO,MON
MON,DSA,MID,OSS,STC,MON
MON,DSA,MID,OSS,TENTRB,MON
MON,DSA,MID,OSS,TEQTRC,MON
MON,DSA,MID,STC,TENTRB,MON
MON,DSA,MID,STC,TEQTRC,MON
MON,DSA,MID,STC,TRO,MON
MON,DSA,MID,TENTRB,TEQTRC,MON
MON,DSA,MID,TEQTRC,TRO,MON
MON,DSA,NLNVAL,OSC,OSS,MON
MON,DSA,NLNVAL,OSC,TENTRB,MON
MON,DSA,NLNVAL,OSS,TENTRB,MON
MON,DSA,NLNVAL,STC,TRO,MON
MON,DSA,OSC,OSOVFB,OSS,MON
MON,DSA,OSC,OSOVFB,TENTRB,MON
MON,DSA,OSC,OSS,STC,MON
MON,DSA,OSC,OSS,TENTRB,MON
MON,DSA,OSC,OSS,TEQTRC,MON
MON,DSA,OSC,STC,TENTRB,MON
MON,DSA,OSC,STC,TRO,MON
MON,DSA,OSC,TENTRB,TEQTRC,MON
MON,DSA,OSE,OSS,TRO,MON
MON,DSA,OSE,TENTRB,TRO,MON
MON,DSA,OSOVFB,OSS,TENTRB,MON
MON,DSA,OSOVFB,OSS,TRO,MON
MON,DSA,OSOVFB,STC,TRO,MON
MON,DSA,OSOVFB,TEQTRC,TRO,MON
MON,DSA,OSS,STC,TENTRB,MON
MON,DSA,OSS,STC,TRO,MON
MON,DSA,OSS,TENTRB,TEQTRC,MON
MON,DSA,OSS,TENTRB,TRO,MON
MON,DSA,OSS,TEQTRC,TRO,MON
MON,DSS,KVB,MID,NLNVAL,MON
MON,DSS,KVB,MID,OSE,MON
MON,DSS,KVB,MID,OSOVFB,MON
MON,DSS,KVB,MID,OSS,MON
MON,DSS,KVB,MID,STC,MON
MON,DSS,KVB,MID,TENTRB,MON
MON,DSS,KVB,MID,TEQTRC,MON
MON,DSS,KVB,NLNVAL,OSS,MON
MON,DSS,KVB,OSC,OSE,MON
MON,DSS,KVB,OSC,STC,MON
MON,DSS,KVB,OSE,OSS,MON
MON,DSS,KVB,OSOVFB,OSS,MON
MON,DSS,KVB,OSS,STC,MON
MON,DSS,KVB,OSS,TENTRB,MON
MON,DSS,KVB,OSS,TEQTRC,MON
MON,DSS,KVB,STC,TENTRB,MON
MON,DSS,KVB,STC,TEQTRC,MON
MON,DSS,KVB,STC,TRO,MON
MON,DSS,MID,NLNVAL,OSC,MON
MON,DSS,MID,NLNVAL,OSS,MON
MON,DSS,MID,NLNVAL,TENTRB,MON
MON,DSS,MID,NLNVAL,TEQTRC,MON
MON,DSS,MID,NLNVAL,TRO,MON
MON,DSS,MID,OSC,OSE,MON
MON,DSS,MID,OSC,OSOVFB,MON
MON,DSS,MID,OSC,OSS,MON
MON,DSS,MID,OSC,STC,MON
MON,DSS,MID,OSC,TENTRB,MON
MON,DSS,MID,OSC,TEQTRC,MON
MON,DSS,MID,OSE,OSS,MON
MON,DSS,MID,OSE,TRO,MON
MON,DSS,MID,OSOVFB,OSS,MON
MON,DSS,MID,OSOVFB,TENTRB,MON
MON,DSS,MID,OSOVFB,TEQTRC,MON
MON,DSS,MID,OSOVFB,TRO,MON
MON,DSS,MID,OSS,STC,MON
MON,DSS,MID,OSS,TENTRB,MON
MON,DSS,MID,OSS,TEQTRC,MON
MON,DSS,MID,STC,TENTRB,MON
MON,DSS,MID,STC,TEQTRC,MON
MON,DSS,MID,STC,TRO,MON
MON,DSS,MID,TENTRB,TEQTRC,MON
MON,DSS,MID,TENTRB,TRO,MON
MON,DSS,MID,TEQTRC,TRO,MON
MON,DSS,NLNVAL,OSC,OSS,MON
MON,DSS,NLNVAL,OSC,TENTRB,MON
MON,DSS,NLNVAL,OSOVFB,TRO,MON
MON,DSS,NLNVAL,OSS,TENTRB,MON
MON,DSS,NLNVAL,OSS,TRO,MON
MON,DSS,NLNVAL,STC,TRO,MON
MON,DSS,OSC,OSE,TRO,MON
MON,DSS,OSC,OSOVFB,OSS,MON
MON,DSS,OSC,OSOVFB,TENTRB,MON
MON,DSS,OSC,OSS,STC,MON
MON,DSS,OSC,OSS,TENTRB,MON
MON,DSS,OSC,OSS,TEQTRC,MON
MON,DSS,OSC,STC,TENTRB,MON
MON,DSS,OSC,STC,TRO,MON
MON,DSS,OSC,TENTRB,TEQTRC,MON
MON,DSS,OSE,OSS,TRO,MON
MON,DSS,OSE,TENTRB,TRO,MON
MON,DSS,OSOVFB,OSS,TENTRB,MON
MON,DSS,OSOVFB,OSS,TRO,MON
MON,DSS,OSOVFB,STC,TRO,MON
MON,DSS,OSOVFB,TEQTRC,TRO,MON
MON,DSS,OSS,STC,TENTRB,MON
MON,DSS,OSS,STC,TRO,MON
MON,DSS,OSS,TENTRB,TEQTRC,MON
MON,DSS,OSS,TENTRB,TRO,MON
MON,DSS,OSS,TEQTRC,TRO,MON
MON,KVB,MID,NLNVAL,OSE,MON
MON,KVB,MID,NLNVAL,OSS,MON
MON,KVB,MID,NLNVAL,STC,MON
MON,KVB,MID,OSC,STASTB,MON
MON,KVB,MID,OSC,STC,MON
MON,KVB,MID,OSE,STC,MON
MON,KVB,MID,OSOVFB,STC,MON
MON,KVB,MID,OSS,STASTB,MON
MON,KVB,MID,OSS,STC,MON
MON,KVB,MID,STASTB,TENTRB,MON
MON,KVB,MID,STASTB,TRO,MON
MON,KVB,MID,STC,TENTRB,MON
MON,KVB,MID,STC,TEQTRC,MON
MON,KVB,NLNVAL,OSC,STC,MON
MON,KVB,NLNVAL,OSC,TENTRB,MON
MON,KVB,NLNVAL,OSC,TEQTRC,MON
MON,KVB,NLNVAL,OSC,TRO,MON
MON,KVB,NLNVAL,OSOVFB,TRO,MON
MON,KVB,NLNVAL,OSS,STC,MON
MON,KVB,NLNVAL,OSS,TRO,MON
MON,KVB,NLNVAL,TENTRB,TRO,MON
MON,KVB,NLNVAL,TEQTRC,TRO,MON
MON,KVB,OSC,OSE,STC,MON
MON,KVB,OSC,OSE,TRO,MON
MON,KVB,OSC,OSOVFB,STC,MON
MON,KVB,OSC,OSOVFB,TENTRB,MON
MON,KVB,OSC,OSOVFB,TRO,MON
MON,KVB,OSC,OSS,STASTB,MON
MON,KVB,OSC,OSS,STC,MON
MON,KVB,OSC,OSS,TENTRB,MON
MON,KVB,OSC,STASTB,TRO,MON
MON,KVB,OSC,STC,TENTRB,MON
MON,KVB,OSC,STC,TEQTRC,MON
MON,KVB,OSC,TENTRB,TEQTRC,MON
MON,KVB,OSE,OSOVFB,OSS,MON
MON,KVB,OSE,OSS,STC,MON
MON,KVB,OSE,OSS,TRO,MON
MON,KVB,OSE,STC,TRO,MON
MON,KVB,OSOVFB,OSS,STC,MON
MON,KVB,OSOVFB,OSS,TRO,MON
MON,KVB,OSOVFB,STC,TENTRB,MON
MON,KVB,OSOVFB,STC,TEQTRC,MON
MON,KVB,OSOVFB,STC,TRO,MON
MON,KVB,OSOVFB,TENTRB,TRO,MON
MON,KVB,OSOVFB,TEQTRC,TRO,MON
MON,KVB,OSS,STASTB,TRO,MON
MON,KVB,OSS,STC,TENTRB,MON
MON,KVB,OSS,STC,TEQTRC,MON
MON,KVB,OSS,STC,TRO,MON
MON,KVB,TENTRB,TEQTRC,TRO,MON
MON,MID,NLNVAL,OSC,OSE,MON
MON,MID,NLNVAL,OSC,STC,MON
MON,MID,NLNVAL,OSE,OSS,MON
MON,MID,NLNVAL,OSOVFB,OSS,MON
MON,MID,NLNVAL,OSS,STC,MON
MON,MID,NLNVAL,OSS,TENTRB,MON
MON,MID,NLNVAL,OSS,TEQTRC,MON
MON,MID,NLNVAL,STC,TENTRB,MON
MON,MID,NLNVAL,STC,TEQTRC,MON
MON,MID,NLNVAL,STC,TRO,MON
MON,MID,OSC,OSE,STC,MON
MON,MID,OSC,OSE,TRO,MON
MON,MID,OSC,OSOVFB,STC,MON
MON,MID,OSC,OSOVFB,TRO,MON
MON,MID,OSC,OSS,STASTB,MON
MON,MID,OSC,OSS,STC,MON
MON,MID,OSC,STASTB,TRO,MON
MON,MID,OSC,STC,TENTRB,MON
MON,MID,OSC,STC,TEQTRC,MON
MON,MID,OSC,STC,TRO,MON
MON,MID,OSE,OSOVFB,OSS,MON
MON,MID,OSE,OSS,STC,MON
MON,MID,OSE,OSS,TRO,MON
MON,MID,OSE,STC,TRO,MON
MON,MID,OSOVFB,OSS,STC,MON
MON,MID,OSOVFB,STC,TENTRB,MON
MON,MID,OSOVFB,STC,TEQTRC,MON
MON,MID,OSOVFB,STC,TRO,MON
MON,MID,OSS,STASTB,TRO,MON
MON,MID,OSS,STC,TENTRB,MON
MON,MID,OSS,STC,TEQTRC,MON
MON,MID,OSS,STC,TRO,MON
MON,MID,STASTB,TENTRB,TRO,MON
MON,MID,STASTB,TEQTRC,TRO,MON
MON,MID,STC,TENTRB,TEQTRC,MON
MON,MID,STC,TEQTRC,TRO,MON
MON,NLNVAL,OSC,OSS,STC,MON
MON,NLNVAL,OSC,OSS,TRO,MON
MON,NLNVAL,OSC,STC,TENTRB,MON
MON,NLNVAL,OSC,STC,TRO,MON
MON,NLNVAL,OSC,TENTRB,TRO,MON
MON,NLNVAL,OSOVFB,STC,TRO,MON
MON,NLNVAL,OSS,STC,TENTRB,MON
MON,NLNVAL,OSS,STC,TRO,MON
MON,OSC,OSE,OSOVFB,TRO,MON
MON,OSC,OSE,OSS,TENTRB,MON
MON,OSC,OSE,OSS,TEQTRC,MON
MON,OSC,OSE,OSS,TRO,MON
MON,OSC,OSE,STC,TRO,MON
MON,OSC,OSE,TENTRB,TRO,MON
MON,OSC,OSE,TEQTRC,TRO,MON
MON,OSC,OSOVFB,OSS,STC,MON
MON,OSC,OSOVFB,OSS,TRO,MON
MON,OSC,OSOVFB,STC,TENTRB,MON
MON,OSC,OSOVFB,TENTRB,TEQTRC,MON
MON,OSC,OSOVFB,TENTRB,TRO,MON
MON,OSC,OSOVFB,TEQTRC,TRO,MON
MON,OSC,OSS,STASTB,TRO,MON
MON,OSC,OSS,STC,TENTRB,MON
MON,OSC,OSS,STC,TEQTRC,MON
MON,OSC,OSS,TENTRB,TEQTRC,MON
MON,OSC,OSS,TENTRB,TRO,MON
MON,OSC,OSS,TEQTRC,TRO,MON
MON,OSC,STASTB,TENTRB,TRO,MON
MON,OSC,STC,TENTRB,TEQTRC,MON
MON,OSC,TENTRB,TEQTRC,TRO,MON
MON,OSE,OSOVFB,TENTRB,TRO,MON
MON,OSE,OSS,STC,TRO,MON
MON,OSE,OSS,TENTRB,TRO,MON
MON,OSE,OSS,TEQTRC,TRO,MON
MON,OSE,STC,TENTRB,TRO,MON
MON,OSE,TENTRB,TEQTRC,TRO,MON
MON,OSOVFB,OSS,STC,TENTRB,MON
MON,OSOVFB,OSS,STC,TRO,MON
MON,OSOVFB,OSS,TENTRB,TRO,MON
MON,OSOVFB,TENTRB,TEQTRC,TRO,MON
MON,OSS,STASTB,TENTRB,TRO,MON
MON,OSS,STC,TENTRB,TEQTRC,MON
MON,OSS,STC,TEQTRC,TRO,MON
MON,OSS,TENTRB,TEQTRC,TRO,MON
MON,APT,ASL,DSA,KVB,MID,MON
MON,APT,ASL,DSA,KVB,TRO,MON
MON,APT,ASL,DSA,MID,TRO,MON
MON,APT,ASL,DSS,KVB,MID,MON
MON,APT,ASL,DSS,KVB,TRO,MON
MON,APT,ASL,DSS,MID,TRO,MON
MON,APT,ASL,KVB,MID,NLNVAL,MON
MON,APT,ASL,KVB,MID,OSC,MON
MON,APT,ASL,KVB,MID,OSOVFB,MON
MON,APT,ASL,KVB,MID,OSS,MON
MON,APT,ASL,KVB,MID,STC,MON
MON,APT,ASL,KVB,MID,TENTRB,MON
MON,APT,ASL,KVB,MID,TEQTRC,MON
MON,APT,ASL,KVB,MID,TRO,MON
MON,APT,ASL,KVB,NLNVAL,TRO,MON
MON,APT,ASL,KVB,OSC,OSS,MON
MON,APT,ASL,KVB,OSC,TENTRB,MON
MON,APT,ASL,KVB,OSC,TRO,MON
MON,APT,ASL,KVB,OSOVFB,TRO,MON
MON,APT,ASL,KVB,OSS,TENTRB,MON
MON,APT,ASL,KVB,OSS,TRO,MON
MON,APT,ASL,KVB,STC,TRO,MON
MON,APT,ASL,KVB,TEQTRC,TRO,MON
MON,APT,ASL,MID,NLNVAL,TRO,MON
MON,APT,ASL,MID,OSC,OSS,MON
MON,APT,ASL,MID,OSC,TENTRB,MON
MON,APT,ASL,MID,OSC,TRO,MON
MON,APT,ASL,MID,OSOVFB,TRO,MON
MON,APT,ASL,MID,OSS,TENTRB,MON
MON,APT,ASL,MID,OSS,TRO,MON
MON,APT,ASL,MID,STC,TRO,MON
MON,APT,ASL,MID,TENTRB,TRO,MON
MON,APT,ASL,MID,TEQTRC,TRO,MON
MON,APT,ASL,OSC,OSS,TRO,MON
MON,APT,ASL,OSC,TENTRB,TRO,MON
MON,APT,ASL,OSC,TEQTRC,TRO,MON
MON,APT,ASL,OSS,TENTRB,TRO,MON
MON,APT,ASL,OSS,TEQTRC,TRO,MON
MON,APT,DAB,KVB,MID,TRO,MON
MON,APT,DSA,KVB,MID,OSC,MON
MON,APT,DSA,KVB,MID,OSS,MON
MON,APT,DSA,KVB,MID,TENTRB,MON
MON,APT,DSA,KVB,MID,TRO,MON
MON,APT,DSA,KVB,OSC,OSS,MON
MON,APT,DSA,KVB,OSC,TRO,MON
MON,APT,DSA,KVB,OSS,TRO,MON
MON,APT,DSA,KVB,TENTRB,TRO,MON
MON,APT,DSA,KVB,TEQTRC,TRO,MON
MON,APT,DSA,MID,OSC,OSS,MON
MON,APT,DSA,MID,OSC,TRO,MON
MON,APT,DSA,MID,OSS,TRO,MON
MON,APT,DSA,MID,TENTRB,TRO,MON
MON,APT,DSA,MID,TEQTRC,TRO,MON
MON,APT,DSA,OSC,OSS,TRO,MON
MON,APT,DSA,OSC,TENTRB,TRO,MON
MON,APT,DSA,OSS,TENTRB,TRO,MON
MON,APT,DSS,KVB,MID,OSC,MON
MON,APT,DSS,KVB,MID,OSS,MON
MON,APT,DSS,KVB,MID,TENTRB,MON
MON,APT,DSS,KVB,MID,TRO,MON
MON,APT,DSS,KVB,OSC,OSS,MON
MON,APT,DSS,KVB,OSC,TRO,MON
MON,APT,DSS,KVB,OSS,TRO,MON
MON,APT,DSS,KVB,TENTRB,TRO,MON
MON,APT,DSS,KVB,TEQTRC,TRO,MON
MON,APT,DSS,MID,OSC,OSS,MON
MON,APT,DSS,MID,OSC,TRO,MON
MON,APT,DSS,MID,OSS,TRO,MON
MON,APT,DSS,MID,TENTRB,TRO,MON
MON,APT,DSS,MID,TEQTRC,TRO,MON
MON,APT,DSS,OSC,OSS,TRO,MON
MON,APT,DSS,OSC,TENTRB,TRO,MON
MON,APT,DSS,OSS,TENTRB,TRO,MON
MON,APT,KVB,MID,NLNVAL,OSC,MON
MON,APT,KVB,MID,NLNVAL,OSS,MON
MON,APT,KVB,MID,NLNVAL,TENTRB,MON
MON,APT,KVB,MID,NLNVAL,TRO,MON
MON,APT,KVB,MID,OSC,OSE,MON
MON,APT,KVB,MID,OSC,OSOVFB,MON
MON,APT,KVB,MID,OSC,OSS,MON
MON,APT,KVB,MID,OSC,STC,MON
MON,APT,KVB,MID,OSC,TENTRB,MON
MON,APT,KVB,MID,OSC,TEQTRC,MON
MON,APT,KVB,MID,OSE,OSS,MON
MON,APT,KVB,MID,OSE,TRO,MON
MON,APT,KVB,MID,OSOVFB,OSS,MON
MON,APT,KVB,MID,OSOVFB,TENTRB,MON
MON,APT,KVB,MID,OSOVFB,TRO,MON
MON,APT,KVB,MID,OSS,STC,MON
MON,APT,KVB,MID,OSS,TENTRB,MON
MON,APT,KVB,MID,OSS,TEQTRC,MON
MON,APT,KVB,MID,OSS,TRO,MON
MON,APT,KVB,MID,STC,TENTRB,MON
MON,APT,KVB,MID,STC,TRO,MON
MON,APT,KVB,MID,TENTRB,TEQTRC,MON
MON,APT,KVB,MID,TENTRB,TRO,MON
MON,APT,KVB,MID,TEQTRC,TRO,MON
MON,APT,KVB,NLNVAL,OSC,OSS,MON
MON,APT,KVB,NLNVAL,OSS,TRO,MON
MON,APT,KVB,NLNVAL,TEQTRC,TRO,MON
MON,APT,KVB,OSC,OSE,TRO,MON
MON,APT,KVB,OSC,OSOVFB,OSS,MON
MON,APT,KVB,OSC,OSOVFB,TRO,MON
MON,APT,KVB,OSC,OSS,STC,MON
MON,APT,KVB,OSC,OSS,TENTRB,MON
MON,APT,KVB,OSC,OSS,TEQTRC,MON
MON,APT,KVB,OSC,STC,TRO,MON
MON,APT,KVB,OSC,TEQTRC,TRO,MON
MON,APT,KVB,OSE,OSS,TRO,MON
MON,APT,KVB,OSOVFB,OSS,TRO,MON
MON,APT,KVB,OSOVFB,TENTRB,TRO,MON
MON,APT,KVB,OSOVFB,TEQTRC,TRO,MON
MON,APT,KVB,OSS,STC,TRO,MON
MON,APT,KVB,OSS,TENTRB,TRO,MON
MON,APT,KVB,OSS,TEQTRC,TRO,MON
MON,APT,KVB,STC,TENTRB,TRO,MON
MON,APT,KVB,STC,TEQTRC,TRO,MON
MON,APT,KVB,TENTRB,TEQTRC,TRO,MON
MON,APT,MID,NLNVAL,OSC,OSS,MON
MON,APT,MID,NLNVAL,OSS,TRO,MON
MON,APT,MID,NLNVAL,TENTRB,TRO,MON
MON,APT,MID,NLNVAL,TEQTRC,TRO,MON
MON,APT,MID,OSC,OSOVFB,OSS,MON
MON,APT,MID,OSC,OSS,STC,MON
MON,APT,MID,OSC,STC,TRO,MON
MON,APT,MID,OSS,STC,TRO,MON
MON,APT,MID,STC,TENTRB,TRO,MON
MON,APT,MID,STC,TEQTRC,TRO,MON
MON,APT,NLNVAL,OSC,OSS,TRO,MON
MON,APT,NLNVAL,OSC,TENTRB,TRO,MON
MON,APT,NLNVAL,OSS,TENTRB,TRO,MON
MON,APT,OSC,OSS,STC,TRO,MON
MON,APT,OSC,STC,TENTRB,TRO,MON
MON,APT,OSS,STC,TENTRB,TRO,MON
MON,ASL,DSA,KVB,MID,OSC,MON
MON,ASL,DSA,KVB,MID,OSS,MON
MON,ASL,DSA,KVB,MID,TRO,MON
MON,ASL,DSA,KVB,OSC,TRO,MON
MON,ASL,DSA,KVB,OSS,TRO,MON
MON,ASL,DSA,MID,OSC,TRO,MON
MON,ASL,DSA,MID,OSS,TRO,MON
MON,ASL,DSS,KVB,MID,OSC,MON
MON,ASL,DSS,KVB,MID,OSS,MON
MON,ASL,DSS,KVB,MID,TRO,MON
MON,ASL,DSS,KVB,OSC,TRO,MON
MON,ASL,DSS,KVB,OSS,TRO,MON
MON,ASL,DSS,MID,OSC,TRO,MON
MON,ASL,DSS,MID,OSS,TRO,MON
MON,ASL,KVB,MID,NLNVAL,OSC,MON
MON,ASL,KVB,MID,NLNVAL,OSS,MON
MON,ASL,KVB,MID,NLNVAL,TRO,MON
MON,ASL,KVB,MID,OSC,OSOVFB,MON
MON,ASL,KVB,MID,OSC,OSS,MON
MON,ASL,KVB,MID,OSC,STC,MON
MON,ASL,KVB,MID,OSC,TENTRB,MON
MON,ASL,KVB,MID,OSC,TEQTRC,MON
MON,ASL,KVB,MID,OSE,TRO,MON
MON,ASL,KVB,MID,OSOVFB,OSS,MON
MON,ASL,KVB,MID,OSOVFB,TRO,MON
MON,ASL,KVB,MID,OSS,STC,MON
MON,ASL,KVB,MID,OSS,TENTRB,MON
MON,ASL,KVB,MID,OSS,TEQTRC,MON
MON,ASL,KVB,MID,STC,TRO,MON
MON,ASL,KVB,MID,TENTRB,TRO,MON
MON,ASL,KVB,MID,TEQTRC,TRO,MON
MON,ASL,KVB,OSC,OSS,TENTRB,MON
MON,ASL,KVB,OSC,STC,TRO,MON
MON,ASL,KVB,OSOVFB,OSS,TRO,MON
MON,ASL,KVB,OSS,STC,TRO,MON
MON,ASL,KVB,OSS,TEQTRC,TRO,MON
MON,ASL,MID,NLNVAL,OSC,TRO,MON
MON,ASL,MID,NLNVAL,OSS,TRO,MON
MON,ASL,MID,OSC,OSOVFB,TRO,MON
MON,ASL,MID,OSC,OSS,TENTRB,MON
MON,ASL,MID,OSC,STC,TRO,MON
MON,ASL,MID,OSC,TEQTRC,TRO,MON
MON,ASL,MID,OSOVFB,OSS,TRO,MON
MON,ASL,MID,OSS,STC,TRO,MON
MON,ASL,MID,OSS,TEQTRC,TRO,MON
MON,ASL,OSC,OSS,TEQTRC,TRO,MON
MON,DSA,DSS,KVB,MID,TRO,MON
MON,DSA,KVB,MID,NLNVAL,TRO,MON
MON,DSA,KVB,MID,OSC,OSS,MON
MON,DSA,KVB,MID,OSC,TENTRB,MON
MON,DSA,KVB,MID,OSC,TRO,MON
MON,DSA,KVB,MID,OSOVFB,TRO,MON
MON,DSA,KVB,MID,OSS,TENTRB,MON
MON,DSA,KVB,MID,OSS,TRO,MON
MON,DSA,KVB,MID,STC,TRO,MON
MON,DSA,KVB,MID,TENTRB,TRO,MON
MON,DSA,KVB,MID,TEQTRC,TRO,MON
MON,DSA,KVB,OSC,OSS,TRO,MON
MON,DSA,KVB,OSC,TENTRB,TRO,MON
MON,DSA,KVB,OSC,TEQTRC,TRO,MON
MON,DSA,KVB,OSS,TENTRB,TRO,MON
MON,DSA,KVB,OSS,TEQTRC,TRO,MON
MON,DSA,MID,OSC,OSS,TRO,MON
MON,DSA,MID,OSC,TENTRB,TRO,MON
MON,DSA,MID,OSC,TEQTRC,TRO,MON
MON,DSA,MID,OSS,TENTRB,TRO,MON
MON,DSA,MID,OSS,TEQTRC,TRO,MON
MON,DSA,OSC,OSS,TENTRB,TRO,MON
MON,DSS,KVB,MID,NLNVAL,TRO,MON
MON,DSS,KVB,MID,OSC,OSS,MON
MON,DSS,KVB,MID,OSC,TENTRB,MON
MON,DSS,KVB,MID,OSC,TRO,MON
MON,DSS,KVB,MID,OSOVFB,TRO,MON
MON,DSS,KVB,MID,OSS,TENTRB,MON
MON,DSS,KVB,MID,OSS,TRO,MON
MON,DSS,KVB,MID,STC,TRO,MON
MON,DSS,KVB,MID,TENTRB,TRO,MON
MON,DSS,KVB,MID,TEQTRC,TRO,MON
MON,DSS,KVB,OSC,OSS,TRO,MON
MON,DSS,KVB,OSC,TENTRB,TRO,MON
MON,DSS,KVB,OSC,TEQTRC,TRO,MON
MON,DSS,KVB,OSS,TENTRB,TRO,MON
MON,DSS,KVB,OSS,TEQTRC,TRO,MON
MON,DSS,MID,OSC,OSS,TRO,MON
MON,DSS,MID,OSC,TENTRB,TRO,MON
MON,DSS,MID,OSC,TEQTRC,TRO,MON
MON,DSS,MID,OSS,TENTRB,TRO,MON
MON,DSS,MID,OSS,TEQTRC,TRO,MON
MON,DSS,OSC,OSS,TENTRB,TRO,MON
MON,KVB,MID,NLNVAL,OSC,OSS,MON
MON,KVB,MID,NLNVAL,OSC,TENTRB,MON
MON,KVB,MID,NLNVAL,OSC,TRO,MON
MON,KVB,MID,NLNVAL,OSOVFB,TRO,MON
MON,KVB,MID,NLNVAL,OSS,TENTRB,MON
MON,KVB,MID,NLNVAL,OSS,TRO,MON
MON,KVB,MID,NLNVAL,STC,TRO,MON
MON,KVB,MID,NLNVAL,TENTRB,TRO,MON
MON,KVB,MID,NLNVAL,TEQTRC,TRO,MON
MON,KVB,MID,OSC,OSE,OSS,MON
MON,KVB,MID,OSC,OSOVFB,OSS,MON
MON,KVB,MID,OSC,OSS,STC,MON
MON,KVB,MID,OSC,STC,TENTRB,MON
MON,KVB,MID,OSC,STC,TRO,MON
MON,KVB,MID,OSOVFB,OSS,TENTRB,MON
MON,KVB,MID,OSOVFB,OSS,TRO,MON
MON,KVB,MID,OSOVFB,STC,TRO,MON
MON,KVB,MID,OSS,STC,TENTRB,MON
MON,KVB,MID,OSS,STC,TRO,MON
MON,KVB,MID,STC,TENTRB,TRO,MON
MON,KVB,MID,STC,TEQTRC,TRO,MON
MON,KVB,OSC,OSS,STC,TRO,MON
MON,KVB,OSC,STC,TENTRB,TRO,MON
MON,KVB,OSC,STC,TEQTRC,TRO,MON
MON,KVB,OSOVFB,OSS,TEQTRC,TRO,MON
MON,KVB,OSS,STC,TENTRB,TRO,MON
MON,KVB,OSS,STC,TEQTRC,TRO,MON
MON,MID,NLNVAL,OSC,OSS,TRO,MON
MON,MID,NLNVAL,OSC,TENTRB,TRO,MON
MON,MID,NLNVAL,OSC,TEQTRC,TRO,MON
MON,MID,NLNVAL,OSS,TENTRB,TRO,MON
MON,MID,NLNVAL,OSS,TEQTRC,TRO,MON
MON,MID,OSC,OSS,STC,TRO,MON
MON,MID,OSC,STC,TENTRB,TRO,MON
MON,MID,OSC,STC,TEQTRC,TRO,MON
MON,MID,OSOVFB,OSS,TENTRB,TRO,MON
MON,MID,OSOVFB,OSS,TEQTRC,TRO,MON
MON,MID,OSS,STC,TENTRB,TRO,MON
MON,MID,OSS,STC,TEQTRC,TRO,MON
MON,OSC,OSS,STC,TENTRB,TRO,MON
MON,APT,ASL,KVB,MID,OSC,TRO,MON
MON,APT,ASL,KVB,MID,OSS,TRO,MON
MON,APT,KVB,MID,OSC,OSS,TRO,MON
MON,APT,KVB,MID,OSC,TENTRB,TRO,MON
MON,APT,KVB,MID,OSS,TENTRB,TRO,MON
MON,ASL,KVB,MID,OSC,OSS,TRO,MON
MON,KVB,MID,OSC,OSS,TENTRB,TRO,MON
